[
  "index.html",
  "politica-de-privacidade.html",
  "robots.txt",
  "sitemap.xml",
  "site_manifest.json",
  "termos-de-uso.html",
  "mudancas-em-sorocaba/index.html",
  "mudancas-em-serra/index.html",
  "mudancas-em-sao-paulo/index.html",
  "mudancas-em-sao-luis/index.html",
  "mudancas-em-sao-jose-dos-campos/index.html",
  "mudancas-em-sao-jose-do-rio-preto/index.html",
  "mudancas-em-sao-goncalo/index.html",
  "mudancas-em-santos/index.html",
  "mudancas-em-santa-maria/index.html",
  "mudancas-em-salvador/index.html",
  "mudancas-em-rio-verde/index.html",
  "mudancas-em-rio-de-janeiro/index.html",
  "mudancas-em-rio-branco/index.html",
  "mudancas-em-ribeirao-preto/index.html",
  "mudancas-em-recife/index.html",
  "mudancas-em-porto-velho/index.html",
  "mudancas-em-porto-alegre/index.html",
  "mudancas-em-ponta-grossa/index.html",
  "mudancas-em-piracicaba/index.html",
  "mudancas-em-petrolina/index.html",
  "mudancas-em-novo-hamburgo/index.html",
  "mudancas-em-natal/index.html",
  "mudancas-em-montes-claros/index.html",
  "mudancas-em-maringa/index.html",
  "mudancas-em-maraba/index.html",
  "mudancas-em-manaus/index.html",
  "mudancas-em-maceio/index.html",
  "mudancas-em-macapa/index.html",
  "mudancas-em-londrina/index.html",
  "mudancas-em-limeira/index.html",
  "mudancas-em-jundiai/index.html",
  "mudancas-em-juiz-de-fora/index.html",
  "mudancas-em-juazeiro-do-norte/index.html",
  "mudancas-em-joinville/index.html",
  "mudancas-em-joao-pessoa/index.html",
  "mudancas-em-ipatinga/index.html",
  "mudancas-em-indaiatuba/index.html",
  "mudancas-em-imperatriz/index.html",
  "mudancas-em-goiania/index.html",
  "mudancas-em-franca/index.html",
  "mudancas-em-foz-do-iguacu/index.html",
  "mudancas-em-fortaleza/index.html",
  "mudancas-em-florianopolis/index.html",
  "mudancas-em-duque-de-caxias/index.html",
  "mudancas-em-curitiba/index.html",
  "mudancas-em-cuiaba/index.html",
  "mudancas-em-caxias-do-sul/index.html",
  "mudancas-em-cascavel/index.html",
  "mudancas-em-caruaru/index.html",
  "mudancas-em-campos-dos-goytacazes/index.html",
  "mudancas-em-campo-grande/index.html",
  "mudancas-em-campinas/index.html",
  "mudancas-em-campina-grande/index.html",
  "mudancas-em-brasilia/index.html",
  "mudancas-em-boa-vista/index.html",
  "mudancas-em-blumenau/index.html",
  "mudancas-em-belo-horizonte/index.html",
  "mudancas-em-belem/index.html",
  "mudancas-em-bauru/index.html",
  "mudancas-em-balneario-camboriu/index.html",
  "mudancas-em-aracaju/index.html",
  "mudancas-em-anapolis/index.html",
  "fretes-em-sorocaba/index.html",
  "fretes-em-serra/index.html",
  "fretes-em-sao-paulo/index.html",
  "fretes-em-sao-luis/index.html",
  "fretes-em-sao-jose-dos-campos/index.html",
  "fretes-em-sao-jose-do-rio-preto/index.html",
  "fretes-em-sao-goncalo/index.html",
  "fretes-em-santos/index.html",
  "fretes-em-santa-maria/index.html",
  "fretes-em-salvador/index.html",
  "fretes-em-rio-verde/index.html",
  "fretes-em-rio-de-janeiro/index.html",
  "fretes-em-rio-branco/index.html",
  "fretes-em-ribeirao-preto/index.html",
  "fretes-em-recife/index.html",
  "fretes-em-porto-velho/index.html",
  "fretes-em-porto-alegre/index.html",
  "fretes-em-ponta-grossa/index.html",
  "fretes-em-piracicaba/index.html",
  "fretes-em-petrolina/index.html",
  "fretes-em-novo-hamburgo/index.html",
  "fretes-em-natal/index.html",
  "fretes-em-montes-claros/index.html",
  "fretes-em-maringa/index.html",
  "fretes-em-maraba/index.html",
  "fretes-em-manaus/index.html",
  "fretes-em-maceio/index.html",
  "fretes-em-macapa/index.html",
  "fretes-em-londrina/index.html",
  "fretes-em-limeira/index.html",
  "fretes-em-jundiai/index.html",
  "fretes-em-juiz-de-fora/index.html",
  "fretes-em-juazeiro-do-norte/index.html",
  "fretes-em-joinville/index.html",
  "fretes-em-joao-pessoa/index.html",
  "fretes-em-ipatinga/index.html",
  "fretes-em-indaiatuba/index.html",
  "fretes-em-imperatriz/index.html",
  "fretes-em-goiania/index.html",
  "fretes-em-franca/index.html",
  "fretes-em-foz-do-iguacu/index.html",
  "fretes-em-fortaleza/index.html",
  "fretes-em-florianopolis/index.html",
  "fretes-em-duque-de-caxias/index.html",
  "fretes-em-curitiba/index.html",
  "fretes-em-cuiaba/index.html",
  "fretes-em-caxias-do-sul/index.html",
  "fretes-em-cascavel/index.html",
  "fretes-em-caruaru/index.html",
  "fretes-em-campos-dos-goytacazes/index.html",
  "fretes-em-campo-grande/index.html",
  "fretes-em-campinas/index.html",
  "fretes-em-campina-grande/index.html",
  "fretes-em-brasilia/index.html",
  "fretes-em-boa-vista/index.html",
  "fretes-em-blumenau/index.html",
  "fretes-em-belo-horizonte/index.html",
  "fretes-em-belem/index.html",
  "fretes-em-bauru/index.html",
  "fretes-em-balneario-camboriu/index.html",
  "fretes-em-aracaju/index.html",
  "fretes-em-anapolis/index.html",
  "frete-urgente-em-sorocaba/index.html",
  "frete-urgente-em-serra/index.html",
  "frete-urgente-em-sao-paulo/index.html",
  "frete-urgente-em-sao-luis/index.html",
  "frete-urgente-em-sao-jose-dos-campos/index.html",
  "frete-urgente-em-sao-jose-do-rio-preto/index.html",
  "frete-urgente-em-sao-goncalo/index.html",
  "frete-urgente-em-santos/index.html",
  "frete-urgente-em-santa-maria/index.html",
  "frete-urgente-em-salvador/index.html",
  "frete-urgente-em-rio-verde/index.html",
  "frete-urgente-em-rio-de-janeiro/index.html",
  "frete-urgente-em-rio-branco/index.html",
  "frete-urgente-em-ribeirao-preto/index.html",
  "frete-urgente-em-recife/index.html",
  "frete-urgente-em-porto-velho/index.html",
  "frete-urgente-em-porto-alegre/index.html",
  "frete-urgente-em-ponta-grossa/index.html",
  "frete-urgente-em-piracicaba/index.html",
  "frete-urgente-em-petrolina/index.html",
  "frete-urgente-em-novo-hamburgo/index.html",
  "frete-urgente-em-natal/index.html",
  "frete-urgente-em-montes-claros/index.html",
  "frete-urgente-em-maringa/index.html",
  "frete-urgente-em-maraba/index.html",
  "frete-urgente-em-manaus/index.html",
  "frete-urgente-em-maceio/index.html",
  "frete-urgente-em-macapa/index.html",
  "frete-urgente-em-londrina/index.html",
  "frete-urgente-em-limeira/index.html",
  "frete-urgente-em-jundiai/index.html",
  "frete-urgente-em-juiz-de-fora/index.html",
  "frete-urgente-em-juazeiro-do-norte/index.html",
  "frete-urgente-em-joinville/index.html",
  "frete-urgente-em-joao-pessoa/index.html",
  "frete-urgente-em-ipatinga/index.html",
  "frete-urgente-em-indaiatuba/index.html",
  "frete-urgente-em-imperatriz/index.html",
  "frete-urgente-em-goiania/index.html",
  "frete-urgente-em-franca/index.html",
  "frete-urgente-em-foz-do-iguacu/index.html",
  "frete-urgente-em-fortaleza/index.html",
  "frete-urgente-em-florianopolis/index.html",
  "frete-urgente-em-duque-de-caxias/index.html",
  "frete-urgente-em-curitiba/index.html",
  "frete-urgente-em-cuiaba/index.html",
  "frete-urgente-em-caxias-do-sul/index.html",
  "frete-urgente-em-cascavel/index.html",
  "frete-urgente-em-caruaru/index.html",
  "frete-urgente-em-campos-dos-goytacazes/index.html",
  "frete-urgente-em-campo-grande/index.html",
  "frete-urgente-em-campinas/index.html",
  "frete-urgente-em-campina-grande/index.html",
  "frete-urgente-em-brasilia/index.html",
  "frete-urgente-em-boa-vista/index.html",
  "frete-urgente-em-blumenau/index.html",
  "frete-urgente-em-belo-horizonte/index.html",
  "frete-urgente-em-belem/index.html",
  "frete-urgente-em-bauru/index.html",
  "frete-urgente-em-balneario-camboriu/index.html",
  "frete-urgente-em-aracaju/index.html",
  "frete-urgente-em-anapolis/index.html",
  "cidades/index.html",
  "assets/favicon.svg",
  "assets/og-default.svg",
  "assets/placeholder-1.svg",
  "assets/placeholder-2.svg",
  "assets/placeholder-3.svg",
  "assets/placeholder-bg.svg",
  "assets/site.css"
]