{
  "ok": true,
  "mode": "production",
  "generatedAt": "2026-02-11T03:10:40.494Z",
  "siteUrl": "https://www.fretesoumudancas.com.br",
  "cities": [
    {
      "slug": "anapolis",
      "name": "Anápolis",
      "links": {
        "fretes": "https://www.fretesoumudancas.com.br/fretes-em-anapolis/",
        "mudancas": "https://www.fretesoumudancas.com.br/mudancas-em-anapolis/",
        "urgente": "https://www.fretesoumudancas.com.br/frete-urgente-em-anapolis/"
      }
    },
    {
      "slug": "aracaju",
      "name": "Aracaju",
      "links": {
        "fretes": "https://www.fretesoumudancas.com.br/fretes-em-aracaju/",
        "mudancas": "https://www.fretesoumudancas.com.br/mudancas-em-aracaju/",
        "urgente": "https://www.fretesoumudancas.com.br/frete-urgente-em-aracaju/"
      }
    },
    {
      "slug": "balneario-camboriu",
      "name": "Balneário Camboriú",
      "links": {
        "fretes": "https://www.fretesoumudancas.com.br/fretes-em-balneario-camboriu/",
        "mudancas": "https://www.fretesoumudancas.com.br/mudancas-em-balneario-camboriu/",
        "urgente": "https://www.fretesoumudancas.com.br/frete-urgente-em-balneario-camboriu/"
      }
    },
    {
      "slug": "bauru",
      "name": "Bauru",
      "links": {
        "fretes": "https://www.fretesoumudancas.com.br/fretes-em-bauru/",
        "mudancas": "https://www.fretesoumudancas.com.br/mudancas-em-bauru/",
        "urgente": "https://www.fretesoumudancas.com.br/frete-urgente-em-bauru/"
      }
    },
    {
      "slug": "belem",
      "name": "Belém",
      "links": {
        "fretes": "https://www.fretesoumudancas.com.br/fretes-em-belem/",
        "mudancas": "https://www.fretesoumudancas.com.br/mudancas-em-belem/",
        "urgente": "https://www.fretesoumudancas.com.br/frete-urgente-em-belem/"
      }
    },
    {
      "slug": "belo-horizonte",
      "name": "Belo Horizonte",
      "links": {
        "fretes": "https://www.fretesoumudancas.com.br/fretes-em-belo-horizonte/",
        "mudancas": "https://www.fretesoumudancas.com.br/mudancas-em-belo-horizonte/",
        "urgente": "https://www.fretesoumudancas.com.br/frete-urgente-em-belo-horizonte/"
      }
    },
    {
      "slug": "blumenau",
      "name": "Blumenau",
      "links": {
        "fretes": "https://www.fretesoumudancas.com.br/fretes-em-blumenau/",
        "mudancas": "https://www.fretesoumudancas.com.br/mudancas-em-blumenau/",
        "urgente": "https://www.fretesoumudancas.com.br/frete-urgente-em-blumenau/"
      }
    },
    {
      "slug": "boa-vista",
      "name": "Boa Vista",
      "links": {
        "fretes": "https://www.fretesoumudancas.com.br/fretes-em-boa-vista/",
        "mudancas": "https://www.fretesoumudancas.com.br/mudancas-em-boa-vista/",
        "urgente": "https://www.fretesoumudancas.com.br/frete-urgente-em-boa-vista/"
      }
    },
    {
      "slug": "brasilia",
      "name": "Brasília",
      "links": {
        "fretes": "https://www.fretesoumudancas.com.br/fretes-em-brasilia/",
        "mudancas": "https://www.fretesoumudancas.com.br/mudancas-em-brasilia/",
        "urgente": "https://www.fretesoumudancas.com.br/frete-urgente-em-brasilia/"
      }
    },
    {
      "slug": "campinas",
      "name": "Campinas",
      "links": {
        "fretes": "https://www.fretesoumudancas.com.br/fretes-em-campinas/",
        "mudancas": "https://www.fretesoumudancas.com.br/mudancas-em-campinas/",
        "urgente": "https://www.fretesoumudancas.com.br/frete-urgente-em-campinas/"
      }
    },
    {
      "slug": "campina-grande",
      "name": "Campina Grande",
      "links": {
        "fretes": "https://www.fretesoumudancas.com.br/fretes-em-campina-grande/",
        "mudancas": "https://www.fretesoumudancas.com.br/mudancas-em-campina-grande/",
        "urgente": "https://www.fretesoumudancas.com.br/frete-urgente-em-campina-grande/"
      }
    },
    {
      "slug": "campo-grande",
      "name": "Campo Grande",
      "links": {
        "fretes": "https://www.fretesoumudancas.com.br/fretes-em-campo-grande/",
        "mudancas": "https://www.fretesoumudancas.com.br/mudancas-em-campo-grande/",
        "urgente": "https://www.fretesoumudancas.com.br/frete-urgente-em-campo-grande/"
      }
    },
    {
      "slug": "campos-dos-goytacazes",
      "name": "Campos dos Goytacazes",
      "links": {
        "fretes": "https://www.fretesoumudancas.com.br/fretes-em-campos-dos-goytacazes/",
        "mudancas": "https://www.fretesoumudancas.com.br/mudancas-em-campos-dos-goytacazes/",
        "urgente": "https://www.fretesoumudancas.com.br/frete-urgente-em-campos-dos-goytacazes/"
      }
    },
    {
      "slug": "caruaru",
      "name": "Caruaru",
      "links": {
        "fretes": "https://www.fretesoumudancas.com.br/fretes-em-caruaru/",
        "mudancas": "https://www.fretesoumudancas.com.br/mudancas-em-caruaru/",
        "urgente": "https://www.fretesoumudancas.com.br/frete-urgente-em-caruaru/"
      }
    },
    {
      "slug": "cascavel",
      "name": "Cascavel",
      "links": {
        "fretes": "https://www.fretesoumudancas.com.br/fretes-em-cascavel/",
        "mudancas": "https://www.fretesoumudancas.com.br/mudancas-em-cascavel/",
        "urgente": "https://www.fretesoumudancas.com.br/frete-urgente-em-cascavel/"
      }
    },
    {
      "slug": "caxias-do-sul",
      "name": "Caxias do Sul",
      "links": {
        "fretes": "https://www.fretesoumudancas.com.br/fretes-em-caxias-do-sul/",
        "mudancas": "https://www.fretesoumudancas.com.br/mudancas-em-caxias-do-sul/",
        "urgente": "https://www.fretesoumudancas.com.br/frete-urgente-em-caxias-do-sul/"
      }
    },
    {
      "slug": "cuiaba",
      "name": "Cuiabá",
      "links": {
        "fretes": "https://www.fretesoumudancas.com.br/fretes-em-cuiaba/",
        "mudancas": "https://www.fretesoumudancas.com.br/mudancas-em-cuiaba/",
        "urgente": "https://www.fretesoumudancas.com.br/frete-urgente-em-cuiaba/"
      }
    },
    {
      "slug": "curitiba",
      "name": "Curitiba",
      "links": {
        "fretes": "https://www.fretesoumudancas.com.br/fretes-em-curitiba/",
        "mudancas": "https://www.fretesoumudancas.com.br/mudancas-em-curitiba/",
        "urgente": "https://www.fretesoumudancas.com.br/frete-urgente-em-curitiba/"
      }
    },
    {
      "slug": "duque-de-caxias",
      "name": "Duque de Caxias",
      "links": {
        "fretes": "https://www.fretesoumudancas.com.br/fretes-em-duque-de-caxias/",
        "mudancas": "https://www.fretesoumudancas.com.br/mudancas-em-duque-de-caxias/",
        "urgente": "https://www.fretesoumudancas.com.br/frete-urgente-em-duque-de-caxias/"
      }
    },
    {
      "slug": "florianopolis",
      "name": "Florianópolis",
      "links": {
        "fretes": "https://www.fretesoumudancas.com.br/fretes-em-florianopolis/",
        "mudancas": "https://www.fretesoumudancas.com.br/mudancas-em-florianopolis/",
        "urgente": "https://www.fretesoumudancas.com.br/frete-urgente-em-florianopolis/"
      }
    },
    {
      "slug": "fortaleza",
      "name": "Fortaleza",
      "links": {
        "fretes": "https://www.fretesoumudancas.com.br/fretes-em-fortaleza/",
        "mudancas": "https://www.fretesoumudancas.com.br/mudancas-em-fortaleza/",
        "urgente": "https://www.fretesoumudancas.com.br/frete-urgente-em-fortaleza/"
      }
    },
    {
      "slug": "foz-do-iguacu",
      "name": "Foz do Iguaçu",
      "links": {
        "fretes": "https://www.fretesoumudancas.com.br/fretes-em-foz-do-iguacu/",
        "mudancas": "https://www.fretesoumudancas.com.br/mudancas-em-foz-do-iguacu/",
        "urgente": "https://www.fretesoumudancas.com.br/frete-urgente-em-foz-do-iguacu/"
      }
    },
    {
      "slug": "franca",
      "name": "Franca",
      "links": {
        "fretes": "https://www.fretesoumudancas.com.br/fretes-em-franca/",
        "mudancas": "https://www.fretesoumudancas.com.br/mudancas-em-franca/",
        "urgente": "https://www.fretesoumudancas.com.br/frete-urgente-em-franca/"
      }
    },
    {
      "slug": "goiania",
      "name": "Goiânia",
      "links": {
        "fretes": "https://www.fretesoumudancas.com.br/fretes-em-goiania/",
        "mudancas": "https://www.fretesoumudancas.com.br/mudancas-em-goiania/",
        "urgente": "https://www.fretesoumudancas.com.br/frete-urgente-em-goiania/"
      }
    },
    {
      "slug": "imperatriz",
      "name": "Imperatriz",
      "links": {
        "fretes": "https://www.fretesoumudancas.com.br/fretes-em-imperatriz/",
        "mudancas": "https://www.fretesoumudancas.com.br/mudancas-em-imperatriz/",
        "urgente": "https://www.fretesoumudancas.com.br/frete-urgente-em-imperatriz/"
      }
    },
    {
      "slug": "indaiatuba",
      "name": "Indaiatuba",
      "links": {
        "fretes": "https://www.fretesoumudancas.com.br/fretes-em-indaiatuba/",
        "mudancas": "https://www.fretesoumudancas.com.br/mudancas-em-indaiatuba/",
        "urgente": "https://www.fretesoumudancas.com.br/frete-urgente-em-indaiatuba/"
      }
    },
    {
      "slug": "ipatinga",
      "name": "Ipatinga",
      "links": {
        "fretes": "https://www.fretesoumudancas.com.br/fretes-em-ipatinga/",
        "mudancas": "https://www.fretesoumudancas.com.br/mudancas-em-ipatinga/",
        "urgente": "https://www.fretesoumudancas.com.br/frete-urgente-em-ipatinga/"
      }
    },
    {
      "slug": "joinville",
      "name": "Joinville",
      "links": {
        "fretes": "https://www.fretesoumudancas.com.br/fretes-em-joinville/",
        "mudancas": "https://www.fretesoumudancas.com.br/mudancas-em-joinville/",
        "urgente": "https://www.fretesoumudancas.com.br/frete-urgente-em-joinville/"
      }
    },
    {
      "slug": "joao-pessoa",
      "name": "João Pessoa",
      "links": {
        "fretes": "https://www.fretesoumudancas.com.br/fretes-em-joao-pessoa/",
        "mudancas": "https://www.fretesoumudancas.com.br/mudancas-em-joao-pessoa/",
        "urgente": "https://www.fretesoumudancas.com.br/frete-urgente-em-joao-pessoa/"
      }
    },
    {
      "slug": "juazeiro-do-norte",
      "name": "Juazeiro do Norte",
      "links": {
        "fretes": "https://www.fretesoumudancas.com.br/fretes-em-juazeiro-do-norte/",
        "mudancas": "https://www.fretesoumudancas.com.br/mudancas-em-juazeiro-do-norte/",
        "urgente": "https://www.fretesoumudancas.com.br/frete-urgente-em-juazeiro-do-norte/"
      }
    },
    {
      "slug": "juiz-de-fora",
      "name": "Juiz de Fora",
      "links": {
        "fretes": "https://www.fretesoumudancas.com.br/fretes-em-juiz-de-fora/",
        "mudancas": "https://www.fretesoumudancas.com.br/mudancas-em-juiz-de-fora/",
        "urgente": "https://www.fretesoumudancas.com.br/frete-urgente-em-juiz-de-fora/"
      }
    },
    {
      "slug": "jundiai",
      "name": "Jundiaí",
      "links": {
        "fretes": "https://www.fretesoumudancas.com.br/fretes-em-jundiai/",
        "mudancas": "https://www.fretesoumudancas.com.br/mudancas-em-jundiai/",
        "urgente": "https://www.fretesoumudancas.com.br/frete-urgente-em-jundiai/"
      }
    },
    {
      "slug": "limeira",
      "name": "Limeira",
      "links": {
        "fretes": "https://www.fretesoumudancas.com.br/fretes-em-limeira/",
        "mudancas": "https://www.fretesoumudancas.com.br/mudancas-em-limeira/",
        "urgente": "https://www.fretesoumudancas.com.br/frete-urgente-em-limeira/"
      }
    },
    {
      "slug": "londrina",
      "name": "Londrina",
      "links": {
        "fretes": "https://www.fretesoumudancas.com.br/fretes-em-londrina/",
        "mudancas": "https://www.fretesoumudancas.com.br/mudancas-em-londrina/",
        "urgente": "https://www.fretesoumudancas.com.br/frete-urgente-em-londrina/"
      }
    },
    {
      "slug": "maceio",
      "name": "Maceió",
      "links": {
        "fretes": "https://www.fretesoumudancas.com.br/fretes-em-maceio/",
        "mudancas": "https://www.fretesoumudancas.com.br/mudancas-em-maceio/",
        "urgente": "https://www.fretesoumudancas.com.br/frete-urgente-em-maceio/"
      }
    },
    {
      "slug": "macapa",
      "name": "Macapá",
      "links": {
        "fretes": "https://www.fretesoumudancas.com.br/fretes-em-macapa/",
        "mudancas": "https://www.fretesoumudancas.com.br/mudancas-em-macapa/",
        "urgente": "https://www.fretesoumudancas.com.br/frete-urgente-em-macapa/"
      }
    },
    {
      "slug": "manaus",
      "name": "Manaus",
      "links": {
        "fretes": "https://www.fretesoumudancas.com.br/fretes-em-manaus/",
        "mudancas": "https://www.fretesoumudancas.com.br/mudancas-em-manaus/",
        "urgente": "https://www.fretesoumudancas.com.br/frete-urgente-em-manaus/"
      }
    },
    {
      "slug": "maraba",
      "name": "Marabá",
      "links": {
        "fretes": "https://www.fretesoumudancas.com.br/fretes-em-maraba/",
        "mudancas": "https://www.fretesoumudancas.com.br/mudancas-em-maraba/",
        "urgente": "https://www.fretesoumudancas.com.br/frete-urgente-em-maraba/"
      }
    },
    {
      "slug": "maringa",
      "name": "Maringá",
      "links": {
        "fretes": "https://www.fretesoumudancas.com.br/fretes-em-maringa/",
        "mudancas": "https://www.fretesoumudancas.com.br/mudancas-em-maringa/",
        "urgente": "https://www.fretesoumudancas.com.br/frete-urgente-em-maringa/"
      }
    },
    {
      "slug": "montes-claros",
      "name": "Montes Claros",
      "links": {
        "fretes": "https://www.fretesoumudancas.com.br/fretes-em-montes-claros/",
        "mudancas": "https://www.fretesoumudancas.com.br/mudancas-em-montes-claros/",
        "urgente": "https://www.fretesoumudancas.com.br/frete-urgente-em-montes-claros/"
      }
    },
    {
      "slug": "natal",
      "name": "Natal",
      "links": {
        "fretes": "https://www.fretesoumudancas.com.br/fretes-em-natal/",
        "mudancas": "https://www.fretesoumudancas.com.br/mudancas-em-natal/",
        "urgente": "https://www.fretesoumudancas.com.br/frete-urgente-em-natal/"
      }
    },
    {
      "slug": "novo-hamburgo",
      "name": "Novo Hamburgo",
      "links": {
        "fretes": "https://www.fretesoumudancas.com.br/fretes-em-novo-hamburgo/",
        "mudancas": "https://www.fretesoumudancas.com.br/mudancas-em-novo-hamburgo/",
        "urgente": "https://www.fretesoumudancas.com.br/frete-urgente-em-novo-hamburgo/"
      }
    },
    {
      "slug": "petrolina",
      "name": "Petrolina",
      "links": {
        "fretes": "https://www.fretesoumudancas.com.br/fretes-em-petrolina/",
        "mudancas": "https://www.fretesoumudancas.com.br/mudancas-em-petrolina/",
        "urgente": "https://www.fretesoumudancas.com.br/frete-urgente-em-petrolina/"
      }
    },
    {
      "slug": "piracicaba",
      "name": "Piracicaba",
      "links": {
        "fretes": "https://www.fretesoumudancas.com.br/fretes-em-piracicaba/",
        "mudancas": "https://www.fretesoumudancas.com.br/mudancas-em-piracicaba/",
        "urgente": "https://www.fretesoumudancas.com.br/frete-urgente-em-piracicaba/"
      }
    },
    {
      "slug": "ponta-grossa",
      "name": "Ponta Grossa",
      "links": {
        "fretes": "https://www.fretesoumudancas.com.br/fretes-em-ponta-grossa/",
        "mudancas": "https://www.fretesoumudancas.com.br/mudancas-em-ponta-grossa/",
        "urgente": "https://www.fretesoumudancas.com.br/frete-urgente-em-ponta-grossa/"
      }
    },
    {
      "slug": "porto-alegre",
      "name": "Porto Alegre",
      "links": {
        "fretes": "https://www.fretesoumudancas.com.br/fretes-em-porto-alegre/",
        "mudancas": "https://www.fretesoumudancas.com.br/mudancas-em-porto-alegre/",
        "urgente": "https://www.fretesoumudancas.com.br/frete-urgente-em-porto-alegre/"
      }
    },
    {
      "slug": "porto-velho",
      "name": "Porto Velho",
      "links": {
        "fretes": "https://www.fretesoumudancas.com.br/fretes-em-porto-velho/",
        "mudancas": "https://www.fretesoumudancas.com.br/mudancas-em-porto-velho/",
        "urgente": "https://www.fretesoumudancas.com.br/frete-urgente-em-porto-velho/"
      }
    },
    {
      "slug": "recife",
      "name": "Recife",
      "links": {
        "fretes": "https://www.fretesoumudancas.com.br/fretes-em-recife/",
        "mudancas": "https://www.fretesoumudancas.com.br/mudancas-em-recife/",
        "urgente": "https://www.fretesoumudancas.com.br/frete-urgente-em-recife/"
      }
    },
    {
      "slug": "ribeirao-preto",
      "name": "Ribeirão Preto",
      "links": {
        "fretes": "https://www.fretesoumudancas.com.br/fretes-em-ribeirao-preto/",
        "mudancas": "https://www.fretesoumudancas.com.br/mudancas-em-ribeirao-preto/",
        "urgente": "https://www.fretesoumudancas.com.br/frete-urgente-em-ribeirao-preto/"
      }
    },
    {
      "slug": "rio-branco",
      "name": "Rio Branco",
      "links": {
        "fretes": "https://www.fretesoumudancas.com.br/fretes-em-rio-branco/",
        "mudancas": "https://www.fretesoumudancas.com.br/mudancas-em-rio-branco/",
        "urgente": "https://www.fretesoumudancas.com.br/frete-urgente-em-rio-branco/"
      }
    },
    {
      "slug": "rio-de-janeiro",
      "name": "Rio de Janeiro",
      "links": {
        "fretes": "https://www.fretesoumudancas.com.br/fretes-em-rio-de-janeiro/",
        "mudancas": "https://www.fretesoumudancas.com.br/mudancas-em-rio-de-janeiro/",
        "urgente": "https://www.fretesoumudancas.com.br/frete-urgente-em-rio-de-janeiro/"
      }
    },
    {
      "slug": "rio-verde",
      "name": "Rio Verde",
      "links": {
        "fretes": "https://www.fretesoumudancas.com.br/fretes-em-rio-verde/",
        "mudancas": "https://www.fretesoumudancas.com.br/mudancas-em-rio-verde/",
        "urgente": "https://www.fretesoumudancas.com.br/frete-urgente-em-rio-verde/"
      }
    },
    {
      "slug": "salvador",
      "name": "Salvador",
      "links": {
        "fretes": "https://www.fretesoumudancas.com.br/fretes-em-salvador/",
        "mudancas": "https://www.fretesoumudancas.com.br/mudancas-em-salvador/",
        "urgente": "https://www.fretesoumudancas.com.br/frete-urgente-em-salvador/"
      }
    },
    {
      "slug": "santa-maria",
      "name": "Santa Maria",
      "links": {
        "fretes": "https://www.fretesoumudancas.com.br/fretes-em-santa-maria/",
        "mudancas": "https://www.fretesoumudancas.com.br/mudancas-em-santa-maria/",
        "urgente": "https://www.fretesoumudancas.com.br/frete-urgente-em-santa-maria/"
      }
    },
    {
      "slug": "santos",
      "name": "Santos",
      "links": {
        "fretes": "https://www.fretesoumudancas.com.br/fretes-em-santos/",
        "mudancas": "https://www.fretesoumudancas.com.br/mudancas-em-santos/",
        "urgente": "https://www.fretesoumudancas.com.br/frete-urgente-em-santos/"
      }
    },
    {
      "slug": "sao-goncalo",
      "name": "São Gonçalo",
      "links": {
        "fretes": "https://www.fretesoumudancas.com.br/fretes-em-sao-goncalo/",
        "mudancas": "https://www.fretesoumudancas.com.br/mudancas-em-sao-goncalo/",
        "urgente": "https://www.fretesoumudancas.com.br/frete-urgente-em-sao-goncalo/"
      }
    },
    {
      "slug": "sao-jose-do-rio-preto",
      "name": "São José do Rio Preto",
      "links": {
        "fretes": "https://www.fretesoumudancas.com.br/fretes-em-sao-jose-do-rio-preto/",
        "mudancas": "https://www.fretesoumudancas.com.br/mudancas-em-sao-jose-do-rio-preto/",
        "urgente": "https://www.fretesoumudancas.com.br/frete-urgente-em-sao-jose-do-rio-preto/"
      }
    },
    {
      "slug": "sao-jose-dos-campos",
      "name": "São José dos Campos",
      "links": {
        "fretes": "https://www.fretesoumudancas.com.br/fretes-em-sao-jose-dos-campos/",
        "mudancas": "https://www.fretesoumudancas.com.br/mudancas-em-sao-jose-dos-campos/",
        "urgente": "https://www.fretesoumudancas.com.br/frete-urgente-em-sao-jose-dos-campos/"
      }
    },
    {
      "slug": "sao-luis",
      "name": "São Luís",
      "links": {
        "fretes": "https://www.fretesoumudancas.com.br/fretes-em-sao-luis/",
        "mudancas": "https://www.fretesoumudancas.com.br/mudancas-em-sao-luis/",
        "urgente": "https://www.fretesoumudancas.com.br/frete-urgente-em-sao-luis/"
      }
    },
    {
      "slug": "sao-paulo",
      "name": "São Paulo",
      "links": {
        "fretes": "https://www.fretesoumudancas.com.br/fretes-em-sao-paulo/",
        "mudancas": "https://www.fretesoumudancas.com.br/mudancas-em-sao-paulo/",
        "urgente": "https://www.fretesoumudancas.com.br/frete-urgente-em-sao-paulo/"
      }
    },
    {
      "slug": "serra",
      "name": "Serra",
      "links": {
        "fretes": "https://www.fretesoumudancas.com.br/fretes-em-serra/",
        "mudancas": "https://www.fretesoumudancas.com.br/mudancas-em-serra/",
        "urgente": "https://www.fretesoumudancas.com.br/frete-urgente-em-serra/"
      }
    },
    {
      "slug": "sorocaba",
      "name": "Sorocaba",
      "links": {
        "fretes": "https://www.fretesoumudancas.com.br/fretes-em-sorocaba/",
        "mudancas": "https://www.fretesoumudancas.com.br/mudancas-em-sorocaba/",
        "urgente": "https://www.fretesoumudancas.com.br/frete-urgente-em-sorocaba/"
      }
    },
    {
      "slug": "taubate",
      "name": "Taubaté",
      "links": {
        "fretes": "https://www.fretesoumudancas.com.br/fretes-em-taubate/",
        "mudancas": "https://www.fretesoumudancas.com.br/mudancas-em-taubate/",
        "urgente": "https://www.fretesoumudancas.com.br/frete-urgente-em-taubate/"
      }
    },
    {
      "slug": "teresina",
      "name": "Teresina",
      "links": {
        "fretes": "https://www.fretesoumudancas.com.br/fretes-em-teresina/",
        "mudancas": "https://www.fretesoumudancas.com.br/mudancas-em-teresina/",
        "urgente": "https://www.fretesoumudancas.com.br/frete-urgente-em-teresina/"
      }
    },
    {
      "slug": "uberlandia",
      "name": "Uberlândia",
      "links": {
        "fretes": "https://www.fretesoumudancas.com.br/fretes-em-uberlandia/",
        "mudancas": "https://www.fretesoumudancas.com.br/mudancas-em-uberlandia/",
        "urgente": "https://www.fretesoumudancas.com.br/frete-urgente-em-uberlandia/"
      }
    },
    {
      "slug": "vila-velha",
      "name": "Vila Velha",
      "links": {
        "fretes": "https://www.fretesoumudancas.com.br/fretes-em-vila-velha/",
        "mudancas": "https://www.fretesoumudancas.com.br/mudancas-em-vila-velha/",
        "urgente": "https://www.fretesoumudancas.com.br/frete-urgente-em-vila-velha/"
      }
    },
    {
      "slug": "vitoria-da-conquista",
      "name": "Vitória da Conquista",
      "links": {
        "fretes": "https://www.fretesoumudancas.com.br/fretes-em-vitoria-da-conquista/",
        "mudancas": "https://www.fretesoumudancas.com.br/mudancas-em-vitoria-da-conquista/",
        "urgente": "https://www.fretesoumudancas.com.br/frete-urgente-em-vitoria-da-conquista/"
      }
    }
  ]
}